name,date,adj_gross_score,course_rating,handicap_diff,slope_rating,putts,3_putts,fairways_hit,gir,penalty/ob,fiveRd_handicap,tenRd_handicap,twentyRd_handicap,jittered_col
Dave,2024-07-22,80,72.0,8.0,113,36,0,6,12,1,,,,0.8547704381403494
Pete,2024-07-23,79,72.0,6.1796875,128,40,1,6,8,3,,,,3.2207796851107573
Dave,2024-07-23,81,72.5,7.808943089430894,123,56,10,1,13,3,,,,2.8203067241256567
Eric,2024-07-23,82,73.5,8.425438596491228,114,41,0,15,9,4,,,,3.950535122230709
Pete,2024-07-26,87,71.0,14.464,125,46,0,9,7,0,,,,0.2041396743368754
Dave,2024-07-26,79,71.5,7.434210526315789,114,52,8,0,16,2,,,,2.0964903834509805
Eric,2024-07-26,78,71.5,6.020491803278689,122,30,0,15,10,6,,,,6.205937016847564
Pete,2024-07-27,94,73.5,19.969827586206897,116,42,1,4,8,2,,,,1.8494222118188248
Eric,2024-07-27,90,72.5,17.04741379310345,116,38,0,14,7,5,,,,5.194986199432334
Dave,2024-07-29,78,72.0,6.108108108108108,111,48,8,0,16,5,,,,5.04970603369871
Eric,2024-07-29,88,73.5,13.213709677419354,124,36,1,13,12,5,,,,4.9738327815304055
Pete,2024-07-29,86,72.5,12.402439024390244,123,45,2,5,9,0,,,,-0.05733522598092694
Pete,2024-07-31,90,73.5,14.56640625,128,41,0,8,10,3,11.015375508130083,,,2.8332287501105644
Dave,2024-08-01,76,72.5,3.2154471544715446,123,48,10,1,14,4,5.585921929631813,,,3.834265921565364
Dave,2024-08-02,72,73.0,-0.9416666666666667,120,47,9,2,18,0,2.7939628653043287,,,0.1861839663292701
Eric,2024-08-04,83,73.0,8.968253968253968,126,38,0,13,7,3,7.804728122674629,,,2.9689599934358415
Dave,2024-08-04,84,71.5,11.869747899159664,119,47,8,1,15,4,2.7939628653043287,,,4.1538456107474095
Dave,2024-08-04,76,71.0,4.829059829059829,117,40,8,0,14,2,2.367613438954902,,,1.8472653571938948
Dave,2024-08-06,83,72.5,10.407894736842104,114,45,7,3,16,3,2.367613438954902,,,3.0796504871640256
Eric,2024-08-07,81,72.0,8.007874015748031,127,39,0,15,6,5,7.665539929093563,,,5.1700102213070585
Pete,2024-08-07,83,73.5,9.584821428571429,112,52,0,3,9,0,12.150420150987223,,,-0.11718413278375495
Eric,2024-08-08,88,72.5,14.239837398373984,123,35,0,13,4,2,10.063279220473783,,,2.1807512385558425
Dave,2024-08-08,72,72.0,0.0,122,49,8,1,16,2,1.2957977207977207,2.642189684994563,,1.8294367359568693
Pete,2024-08-08,84,73.5,9.725409836065573,122,40,0,4,10,4,10.570890096342415,,,3.774115301166439
Pete,2024-08-10,89,72.5,16.7972972972973,111,42,0,7,7,2,10.570890096342415,,,1.767940349620821
Eric,2024-08-10,92,73.0,16.643410852713178,129,39,1,12,5,4,10.063279220473783,,,3.779040704921286
Eric,2024-08-12,84,73.5,9.568548387096774,124,45,1,13,12,8,8.848225457032925,,,8.033140848267452
Eric,2024-08-13,84,71.0,11.752,125,34,2,12,8,3,9.77614080094827,8.19812135417374,,3.0714989895190046
Pete,2024-08-13,82,72.0,9.495798319327731,119,49,2,4,5,5,9.602009861321578,,,4.787011000260584
Pete,2024-08-14,84,72.5,11.3,115,43,0,3,6,3,9.602009861321578,9.257143416792946,,2.9098948201077115
Pete,2024-08-16,85,71.0,12.263565891472869,129,45,2,8,10,2,10.17373605179777,10.47391909508752,,1.8760108958673931
Dave,2024-08-19,79,71.5,7.5,113,45,8,0,15,3,4.10968660968661,2.642189684994563,,3.0058306971028395
Eric,2024-08-19,77,72.5,4.100806451612903,124,36,0,13,6,2,8.473784946236558,7.3331949251980735,,1.8447257092597256
Pete,2024-08-19,84,71.0,12.344537815126051,119,43,3,8,8,2,11.019788070266864,10.47391909508752,,1.9984693784273935
Eric,2024-08-20,84,72.5,10.565040650406504,123,36,1,12,8,6,8.078131829705393,8.242104694623636,,6.18345978333154
Dave,2024-08-20,77,73.5,3.5954545454545452,110,43,9,0,18,5,2.808171458171458,2.13965897246385,,5.196531163272118
Pete,2024-08-20,90,73.0,16.418803418803417,117,46,0,4,11,3,11.019788070266864,10.47391909508752,,3.1729145772467535
Pete,2024-08-22,83,71.0,10.67716535433071,127,55,1,1,5,2,11.413577081934525,10.156638987659088,,1.9043103014236744
Dave,2024-08-22,86,71.5,13.321138211382113,123,49,9,0,17,4,3.6984848484848487,2.13965897246385,,4.103998139244938
Eric,2024-08-22,78,71.5,6.558035714285714,112,41,0,11,4,5,6.74246351766513,7.440703707399479,,5.127161940801445
Dave,2024-08-22,72,72.5,-0.452,125,44,8,0,15,2,1.0478181818181818,1.0834470066518846,,2.008516306212303
Dave,2024-08-24,76,73.0,3.054054054054054,111,48,7,2,16,3,2.0658361998361996,1.0511683865683865,,3.118650183423706
Pete,2024-08-24,84,72.5,11.202586206896552,116,43,1,5,10,0,11.381105817566711,10.1371562290384,,-0.24305323061146267
Dave,2024-08-25,75,72.5,2.3541666666666665,120,50,8,1,16,3,1.6520735735735734,1.7103350532350532,,3.134579950389039
Eric,2024-08-25,83,72.0,11.3,110,39,2,12,8,5,7.07462760543504,7.440703707399479,,5.029636720056568
Pete,2024-08-26,77,72.0,4.484126984126984,126,43,0,4,9,2,8.787959515118082,9.117017340149511,,2.0388693056977605
Dave,2024-08-26,74,73.5,0.44140625,128,53,9,0,17,3,0.7811909722222222,1.079525394144144,,3.0527366294746225
Dave,2024-08-28,75,71.5,3.3516949152542375,118,49,7,1,17,8,0.7811909722222222,1.079525394144144,,8.173571365090092
Eric,2024-08-28,83,73.0,9.338842975206612,121,34,0,14,13,7,6.665895047035076,7.514821508790007,,7.1385441706111745
Eric,2024-08-28,82,73.5,7.684,125,36,1,12,8,4,7.860292896497442,7.450046705640401,,4.194355115480815
Dave,2024-08-28,79,73.0,6.053571428571429,112,52,8,2,18,1,1.949875656906907,1.079525394144144,,0.790706098939435
Pete,2024-08-28,83,72.0,10.024193548387096,124,41,0,6,7,1,8.395161962281597,9.176774082613814,,1.168519750639585
Pete,2024-08-30,91,73.5,15.329457364341085,129,35,2,5,10,0,8.395161962281597,9.176774082613814,,0.20894194055943127
Eric,2024-08-30,90,71.0,18.35042735042735,117,38,0,13,7,4,7.860292896497442,7.450046705640401,,4.048940325444628
Dave,2024-08-31,88,71.5,15.409090909090908,121,48,7,0,15,2,2.049089277306968,1.7498643771949915,1.3778877967224796,2.009696408994976
Pete,2024-08-31,92,71.0,20.28205128205128,117,46,1,8,10,5,8.570302246470211,9.537614418748268,,5.1776626065807845
Eric,2024-08-31,88,71.0,15.125984251968504,127,35,0,13,8,6,9.440947658402203,7.450046705640401,,6.237177906126044
Eric,2024-09-01,75,73.0,1.9482758620689655,116,32,0,14,7,1,6.323706279091859,5.925992200634839,,1.147117370516325
Dave,2024-09-03,72,72.0,0.0,117,51,8,2,16,2,1.264367055084746,1.079525394144144,0.9589259323156998,1.9863534965661263
Dave,2024-09-05,77,73.0,3.7983193277310923,119,46,9,1,17,3,2.38333808099511,1.079525394144144,0.9589259323156998,3.181815509471784
Pete,2024-09-05,87,72.0,15.27027027027027,111,47,0,4,5,1,9.92619693426145,9.730327597042841,8.921723647213259,1.161006732586243
Pete,2024-09-06,91,73.5,15.694444444444445,126,42,1,2,11,1,13.541307060999484,9.74652198177348,9.56176270971326,1.1894339546665564
Dave,2024-09-07,78,71.5,6.22457627118644,118,54,9,0,17,4,3.2839635854341735,1.079525394144144,0.9589259323156998,4.143953282057169
Eric,2024-09-09,85,73.0,11.024390243902438,123,30,1,13,11,4,6.885555368657134,5.925992200634839,6.464147051467437,4.036711679799506
Pete,2024-09-09,95,73.0,20.716666666666665,120,46,2,6,9,0,15.4313906930186,10.331668472802324,9.56176270971326,0.02055543221481132
Dave,2024-09-09,83,71.0,11.491525423728813,118,55,9,0,17,0,3.3409651996391774,1.8402643771949916,0.9589259323156998,0.14054487265333182
Eric,2024-09-09,88,72.0,16.142857142857142,112,33,0,15,5,2,9.36621678597997,7.218839040393559,6.57832259880686,2.1172010623837547
Dave,2024-09-11,81,73.0,7.174603174603175,126,50,9,0,15,1,3.3409651996391774,1.9891174319303992,0.9759569024135364,0.8693841749521289
Eric,2024-09-12,79,71.5,6.78,125,35,0,16,5,6,6.584222035323801,6.461830910312258,6.673261123397023,5.990648838360203
Dave,2024-09-13,81,73.0,8.0,113,48,8,2,19,2,5.7324995911735686,2.728998384311352,1.543097053928688,1.942261736986317
Pete,2024-09-15,84,71.5,12.5,113,42,3,3,9,3,14.488238238238239,9.777614418748268,9.56176270971326,3.1411166004833992
Dave,2024-09-15,79,72.0,7.0,113,48,8,2,17,5,6.799726481929871,3.8856323885486397,1.543097053928688,4.824186221918585
Eric,2024-09-15,77,72.5,4.309322033898305,118,38,0,9,9,7,4.345865965322424,6.012088174234776,6.044571005733486,6.97792538166371
Eric,2024-09-17,86,73.5,11.3,125,40,0,10,6,3,7.3712374259335816,6.012088174234776,6.044571005733486,3.2159458827308907
Dave,2024-09-17,76,71.5,4.5,113,49,8,2,16,6,6.224867724867725,4.115293405497793,1.543097053928688,6.075540852261771
Dave,2024-09-18,85,71.0,13.40677966101695,118,51,8,0,13,2,6.224867724867725,4.304579119783506,1.543097053928688,2.0997612230722282
Pete,2024-09-21,91,73.5,17.815315315315317,111,38,0,5,10,0,13.164814814814816,10.71571816055687,9.56176270971326,0.13377174972896672
Dave,2024-09-21,72,73.0,-0.9186991869918699,123,49,9,0,19,5,3.5271002710027104,2.720839282385133,1.4282596555547042,4.811698455400197
Dave,2024-09-21,76,71.0,4.956140350877193,114,51,9,0,15,1,2.8458137212951073,3.712067352560571,1.4282596555547042,1.0718902121521525
Pete,2024-09-21,82,71.0,11.3,110,40,1,11,7,5,13.023423423423424,9.902181347882125,9.56176270971326,4.828630138716608
Dave,2024-09-23,84,71.5,11.3,125,41,9,2,18,3,2.8458137212951073,4.352403487014352,1.4536177533392727,3.166893365422356
Eric,2024-09-23,82,73.5,8.280172413793103,116,42,0,12,6,3,6.45649814923047,5.800354061952075,5.958560811425878,3.140000679974692
Pete,2024-09-24,88,71.0,16.279661016949152,118,45,1,7,10,3,13.359887005649718,12.88478423659969,9.776160031141831,2.926740399111935
Eric,2024-09-24,92,71.5,20.683035714285715,112,34,1,13,8,4,6.45649814923047,6.468432110732562,6.1249319313582,3.8630958332881282
Pete,2024-09-25,83,72.5,9.492,125,42,1,4,9,4,11.097333333333333,12.778345526922271,9.746983801633634,4.056596662217332
Dave,2024-09-27,90,73.0,15.491935483870968,124,62,9,3,17,0,5.112480387961774,4.5424088676976995,1.4536177533392727,-0.018808257938677686
Eric,2024-09-27,86,71.0,14.868421052631579,114,35,2,13,10,4,7.963164815897136,6.468432110732562,6.1249319313582,3.962141782187187
Eric,2024-09-30,79,73.5,5.0528455284552845,123,27,1,9,11,2,8.211005980749462,5.274123167643132,5.589182250514284,1.9485252877218606
Pete,2024-09-30,86,72.5,13.150862068965518,116,43,1,8,11,3,11.31428735632184,12.342626467847158,9.746983801633634,2.8613033189127464
Dave,2024-10-01,74,71.0,2.6484375,128,58,10,0,18,4,2.2286262212951073,3.6371757327770644,1.8411724408392727,4.0847700391205155
Pete,2024-10-01,84,72.5,11.602678571428571,112,44,0,5,9,0,11.415180213464696,11.609108128078818,10.01034383314624,0.1611110922610049
Eric,2024-10-03,80,73.5,6.070247933884297,121,34,1,9,9,5,6.467755292044228,6.098517582006198,5.312941690525683,4.993560855683827
Eric,2024-10-05,83,72.0,11.3,110,42,0,12,10,7,7.474364487446528,6.098517582006198,5.312941690525683,6.9478163619741435
Dave,2024-10-05,79,71.0,7.726495726495727,117,42,9,0,14,1,5.110357859124306,3.6371757327770644,2.021915684082516,1.0082034179272377
Eric,2024-10-06,87,71.5,13.68359375,128,31,2,13,9,3,7.474364487446528,6.098517582006198,5.835362435798209,2.7796617143779465
Pete,2024-10-06,83,73.5,9.097457627118644,118,44,0,7,12,2,10.06404539951574,10.798427239709444,9.73502603653607,1.9216517450372899
Dave,2024-10-07,89,72.0,16.850877192982455,114,44,10,0,16,4,7.224977742165243,3.6371757327770644,2.3471623946088314,4.102766720233926
Pete,2024-10-09,84,71.5,11.869747899159664,119,46,1,4,10,3,10.06404539951574,10.672376819541375,9.73502603653607,2.9449583184911146
Eric,2024-10-09,92,71.0,19.775,120,42,0,12,10,5,7.474364487446528,7.002517582006197,5.835362435798209,4.798303086985206
Dave,2024-10-09,82,73.0,8.921052631578947,114,47,7,1,21,1,6.431995286024891,3.78247487807621,3.04868304193026,1.061040016798959
Eric,2024-10-11,91,71.5,17.914634146341463,123,41,0,13,9,2,10.351280561294766,8.400653175226537,6.182963343413321,2.1506231754107286
Pete,2024-10-13,92,71.0,20.28205128205128,117,36,0,6,10,2,10.856628032568958,10.672376819541375,9.73502603653607,2.0417560324844266
Dave,2024-10-13,91,73.5,17.977272727272727,110,46,9,0,19,5,6.431995286024891,4.666685404392,3.4077932114217857,4.7668396752269
Pete,2024-10-15,80,73.0,7.1909090909090905,110,45,0,6,8,1,9.297015096485437,9.736609057891261,9.183554851471134,0.807382931932277
Pete,2024-10-15,86,71.5,14.37280701754386,114,42,1,7,11,1,9.386038205729134,9.850558637723193,9.299244003608369,1.1229503401264225
Dave,2024-10-17,86,72.0,13.87719298245614,114,63,9,0,20,2,10.174913780176938,4.666685404392,3.526096782850357,2.241153803762406
Pete,2024-10-17,88,72.0,14.819672131147541,122,37,1,8,5,5,11.144488002537537,9.850558637723193,9.382639215141257,5.110444155065191
Eric,2024-10-18,82,72.0,9.1869918699187,123,35,1,10,9,6,11.390195206639566,7.978051549210278,6.163981955252332,5.81757578233734
Dave,2024-10-18,72,73.5,-1.3669354838709677,124,58,10,0,16,2,7.143770043388041,4.5770381450161794,2.4802298473664863,2.1008142869189017
Pete,2024-10-18,88,73.0,13.346456692913385,127,55,1,6,9,0,11.636724267122112,9.850558637723193,10.384623342125384,-0.2072047099154315
Dave,2024-10-19,87,72.5,14.125,116,50,11,0,13,3,7.143770043388041,5.845810074840741,3.355229847366486,3.083992317771849
Pete,2024-10-19,83,73.5,8.945833333333333,120,50,1,6,9,0,9.827733039051937,9.74132530438986,10.249828315243663,0.10311595302442267
Pete,2024-10-21,82,73.0,8.843478260869565,115,48,0,7,12,1,10.378589429038762,9.13607137673184,9.792763097852358,0.7961472081559666
Eric,2024-10-21,78,71.0,7.0,113,31,1,14,7,4,9.956861873306233,7.722017066451656,5.890607971512495,3.7915300398845027
Pete,2024-10-23,91,73.0,16.403225806451612,124,49,0,2,7,1,10.378589429038762,9.189485242278058,9.792763097852358,0.9047711775057615
Pete,2024-10-24,93,71.5,20.588983050847457,118,42,1,5,7,1,10.378589429038762,10.039285055437007,9.792763097852358,1.0239598084720878
Eric,2024-10-25,76,72.5,3.5954545454545452,110,36,1,10,8,6,6.594148805124415,6.181107975542565,5.379539789694313,6.004441253758241
Eric,2024-10-27,85,72.0,12.663793103448276,116,34,2,11,11,4,6.594148805124415,6.181107975542565,5.379539789694313,4.2103132828046475
Dave,2024-10-27,90,73.5,14.797619047619047,126,59,8,4,19,2,8.878419166195057,6.361248671331969,3.777265328225496,1.926551003255931
Dave,2024-10-27,77,73.5,3.065891472868217,129,54,8,0,15,1,5.19204965715113,4.198988369414384,3.382429728435718,0.9097155174768932
Dave,2024-10-29,79,72.0,6.703389830508475,118,47,9,3,13,4,2.8007819398352414,5.00997883551608,3.3235280604238806,4.190265672241846
Pete,2024-10-29,87,73.5,13.150862068965518,116,39,0,2,9,1,10.313391221056138,10.295507889398177,9.792763097852358,0.7851685427317406
Pete,2024-10-30,86,73.5,12.840909090909092,110,53,1,5,5,4,11.611749806914725,10.19439836899732,9.792763097852358,3.767088800296393
Eric,2024-10-30,91,71.0,17.65625,128,30,1,13,7,9,6.594148805124415,7.4305388698515085,5.379539789694313,8.895228429463426
Dave,2024-10-31,81,71.5,8.799180327868852,122,59,9,0,13,0,6.189487210415181,5.224515755790705,3.3235280604238806,-0.09200627675683332
Pete,2024-10-31,82,73.5,8.209401709401709,117,48,0,8,7,3,11.40039095642544,10.398096892695843,9.335219824132615,2.8677491883123607
Dave,2024-11-02,78,73.5,4.202479338842975,121,46,8,1,18,2,4.6572535474065555,4.2808010972435095,2.9738379777792527,2.1321453434043445
Eric,2024-11-02,79,73.5,4.85546875,128,34,2,13,10,1,5.150307765151515,7.187583033074648,5.742938900685692,1.008465908213609
Pete,2024-11-02,82,73.0,8.475,120,49,1,5,7,2,9.841770266770267,9.462924478902739,8.982094824132613,2.179470351846892
Dave,2024-11-02,89,71.0,16.536585365853657,123,55,9,0,18,5,4.6572535474065555,4.2808010972435095,2.9738379777792527,5.117242078742667
Eric,2024-11-02,86,72.0,13.637931034482758,116,41,0,12,7,5,7.038238799634274,7.460341653764305,5.742938900685692,4.8330386869979085
Pete,2024-11-02,88,72.0,15.066666666666666,120,40,0,4,10,2,9.841770266770267,9.462924478902739,8.982094824132613,1.9994628728045796
Dave,2024-11-04,89,71.0,18.0,113,47,9,2,20,2,6.568349832406767,4.2808010972435095,3.3771499435912187,2.1902434364839465
Pete,2024-11-04,88,73.5,14.125,116,42,1,11,7,4,9.841770266770267,9.462924478902739,8.982094824132613,4.153669066434603
Eric,2024-11-05,86,71.0,15.0,113,35,1,14,8,8,10.38573096264368,7.460341653764305,5.742938900685692,8.225557173599931
Dave,2024-11-06,81,71.5,8.799180327868852,122,56,8,1,14,4,7.2669466648602254,4.2808010972435095,3.3771499435912187,3.8835477057645145
Eric,2024-11-06,84,71.0,11.846774193548388,124,32,1,13,11,7,10.113391326010381,7.296937871784325,6.043812884425529,6.8690709375572725
Eric,2024-11-08,81,71.0,9.416666666666666,120,36,2,10,8,4,8.70630320340502,6.810916366407982,6.682230963521574,3.9623115033256524
Dave,2024-11-08,81,71.5,8.65725806451613,124,54,8,1,17,2,9.170507712715898,6.285639806920931,5.0545245971536765,2.018503033984727
Pete,2024-11-08,94,71.5,21.365546218487395,119,41,0,5,8,0,10.26980056980057,10.303930226029177,9.279313311527572,0.09552019380553262
Dave,2024-11-08,82,71.5,10.055084745762711,118,49,8,2,14,4,7.685581470824846,6.314024259591474,4.591884882948809,3.933263698241541
Dave,2024-11-10,73,73.0,0.0,125,49,8,0,17,6,5.818812797461661,4.5258037413471595,3.9546270561700694,6.041936618152411
Eric,2024-11-10,82,72.5,8.51984126984127,126,30,1,12,9,5,9.927760710018775,6.677486246392496,6.5701277889184,5.030820504897987
Pete,2024-11-10,83,71.0,11.3,120,44,3,7,8,1,11.299999999999999,10.795234573855264,9.208094824132614,0.9708564262522927
Pete,2024-11-11,89,73.5,13.68359375,128,49,1,3,11,2,13.036197916666666,10.795234573855264,9.241478490099,2.2163286926571306
Dave,2024-11-12,80,72.5,7.0625,120,53,8,0,16,0,5.23991935483871,5.325125446773517,3.7552822981055534,0.0794954290827159
Pete,2024-11-12,89,71.0,16.015748031496063,127,42,1,3,7,0,13.036197916666666,10.795234573855264,9.709409923072807,0.03770044716253412
Pete,2024-11-14,85,71.5,12.819327731092438,119,41,0,5,8,3,12.600973827030813,10.728927706280647,9.828107402064402,3.1644053136230967
Eric,2024-11-14,82,72.0,9.1869918699187,123,32,0,13,8,3,9.041166602142212,7.114884620376236,6.6834802209341,2.824369421747707
Dave,2024-11-14,73,73.0,0.0,111,46,7,1,16,5,2.3541666666666665,3.984447480671821,3.4242276106055534,4.810401960598525
Dave,2024-11-16,76,73.5,2.3739495798319328,119,48,8,0,17,3,0.7913165266106442,2.7277857837349817,2.755159342272579,2.959882275645391
Eric,2024-11-16,85,71.0,13.294117647058824,119,39,2,13,6,0,9.041166602142212,8.765148549995004,6.6834802209341,-0.10881820412041882
Pete,2024-11-17,81,72.0,7.883720930232558,129,35,0,5,7,1,10.667682887108333,9.73749007414534,9.208458881979837,1.1161837173357285
Eric,2024-11-17,85,71.5,13.265217391304347,115,34,0,15,5,6,9.041166602142212,8.765148549995004,6.6834802209341,5.825896195121913
Pete,2024-11-20,89,71.5,16.479166666666668,120,45,0,3,9,2,11.462214137108333,10.832328482265,9.914708881979836,1.7551246901008162
Pete,2024-11-20,89,72.5,15.036290322580646,124,41,0,5,9,4,11.913112994635213,11.962328482264999,9.914708881979836,3.8847796646288404
Dave,2024-11-20,76,72.0,3.559055118110236,127,43,9,3,17,3,0.7913165266106442,2.5991009395884337,2.3172287320363587,3.0741545289518735
Eric,2024-11-22,87,71.0,15.859649122807017,114,44,2,15,8,6,10.324016843688106,8.765148549995004,7.228957863210522,5.7777359359829115
Dave,2024-11-22,77,73.0,3.7666666666666666,120,54,8,0,20,0,1.9776682326473896,1.9399342729217672,1.9501383365561327,-0.2410630405534797
Eric,2024-11-23,91,73.5,16.479166666666668,120,30,0,11,11,5,11.915442302760624,10.447098278255874,7.8826768714749855,5.063219159201976
Dave,2024-11-24,80,73.5,6.5,113,43,9,5,15,4,1.9776682326473896,1.9399342729217672,1.9501383365561327,4.117359312794839
Eric,2024-11-24,86,73.0,13.116071428571429,112,32,0,12,9,2,13.225135488978202,10.41726908570929,7.951023645668534,1.8895218463932593
Dave,2024-11-26,76,72.0,4.0,113,45,7,0,23,7,3.2332237882029453,1.9399342729217672,1.9248284192007605,7.0199655218302475
Eric,2024-11-26,86,73.0,13.0,113,38,0,13,7,2,13.127096273291926,10.394054799995004,7.951023645668534,2.101600083208565
Eric,2024-11-26,74,73.0,1.0,113,42,1,14,8,4,9.038690476190476,8.224699961285328,6.595176871474985,4.01193201893045
Pete,2024-11-28,87,73.0,14.381818181818181,110,47,0,5,10,0,11.694955614381058,11.962328482264999,9.914708881979836,-0.09240393424114685
Eric,2024-11-29,86,72.5,13.868181818181819,110,34,1,15,9,6,9.038690476190476,8.96458091366628,6.595176871474985,6.19519461622307
Eric,2024-11-30,89,72.0,14.891472868217054,129,38,1,10,10,7,9.038690476190476,9.913656137958895,6.9276496619286965,6.7540291270661665
Eric,2024-12-02,81,73.5,6.94672131147541,122,28,1,13,8,3,6.98224043715847,9.465602026270236,6.920989825863123,3.0519198988234595
Eric,2024-12-02,84,71.5,12.611607142857142,112,39,1,9,10,4,6.852776151444185,9.334879976580797,8.048008900538447,3.8759024507754276
Dave,2024-12-05,81,72.0,8.007874015748031,127,51,11,0,16,2,3.7752405949256342,1.9399342729217672,2.621005272040003,1.9289774962998179
Eric,2024-12-05,80,73.0,6.131782945736434,129,33,1,16,11,5,8.563370466689662,7.938022280013797,7.2380308758983585,5.196716641585972
Dave,2024-12-06,79,72.0,6.1796875,128,52,10,0,18,4,4.648784722222222,1.9399342729217672,2.621005272040003,3.828618168038247
Eric,2024-12-06,80,73.5,6.277777777777778,117,44,0,12,12,4,6.452094011663207,6.593577835569353,6.541906323927032,4.011759741369144
Dave,2024-12-08,80,73.5,5.923387096774194,124,48,9,3,16,2,4.15614404727308,2.448943281930776,2.555899468562107,1.8921585592094134
Eric,2024-12-08,85,71.0,12.456692913385826,127,37,1,11,9,3,6.452094011663207,6.562594989675089,7.415819504370582,2.779643582407277
Pete,2024-12-08,91,71.5,18.210743801652892,121,52,0,7,10,2,12.433943144877128,12.013692118628637,9.914708881979836,1.9832040981406847
Dave,2024-12-08,76,73.5,2.545045045045045,111,42,7,2,15,5,4.241577515015015,2.448943281930776,2.4138259853152624,4.775612073766477
Pete,2024-12-10,79,73.0,5.424,125,53,1,6,10,0,11.614036168132943,10.222128482265,9.47447971531317,-0.06394846571111912
Eric,2024-12-10,84,71.5,12.725225225225225,111,32,1,10,11,6,8.288751212300012,6.562594989675089,7.415819504370582,5.946877791021936
Dave,2024-12-10,74,71.5,2.5,113,55,9,1,17,0,3.6561440472730795,2.948943281930776,2.3430895512067353,-0.1717451246228554
Pete,2024-12-11,85,72.5,11.673553719008265,121,51,1,6,10,4,10.493123966942148,10.296839226066652,9.828239147580508,3.830769395569905
Dave,2024-12-11,81,73.0,7.174603174603175,126,53,9,0,18,5,3.6561440472730795,3.274153365964389,2.3430895512067353,4.764949661280707
Dave,2024-12-12,78,72.5,4.817829457364341,129,48,8,0,14,1,3.2876248341364622,3.5259082338152106,2.3430895512067353,0.9508582509281047
Pete,2024-12-14,81,72.5,7.808943089430894,123,41,1,7,7,5,8.302165602813053,9.12190909395283,9.199243397395733,4.975052026925904
Eric,2024-12-14,85,73.0,11.024390243902438,123,34,1,13,11,4,7.508285699103489,7.120672270904462,6.587808864630814,3.907226277396706
Eric,2024-12-14,77,71.5,5.222689075630252,119,35,1,13,14,3,5.877416599714821,5.115794222123975,6.587808864630814,3.176065945575787
Dave,2024-12-16,88,73.5,12.7015503875969,129,44,9,3,18,4,4.413738851379512,3.9572523198367167,2.3430895512067353,4.20307676407044
Eric,2024-12-17,90,72.5,15.94758064516129,124,34,1,17,7,4,9.567924077639505,7.120672270904462,6.788774311785286,3.8591729221646016
Eric,2024-12-18,80,71.0,8.201612903225806,124,42,0,13,7,4,8.149564074252831,6.556116802769137,6.748995765958352,3.9192850455683566
Dave,2024-12-18,72,73.5,-1.5133928571428572,112,53,9,1,16,5,1.934812200073828,2.469896329053306,1.653915444063878,5.047637299433869
Eric,2024-12-20,89,73.0,15.586206896551724,116,34,2,9,6,6,8.149564074252831,7.371650589254541,7.157708396391742,5.880843224550732
Eric,2024-12-20,86,72.0,13.40677966101695,118,40,1,11,10,3,10.877594269381731,7.371650589254541,7.157708396391742,3.0713530575478147
Pete,2024-12-22,87,71.0,16.436363636363637,110,43,0,5,3,0,8.302165602813053,9.12190909395283,9.199243397395733,0.21593743672230759
Pete,2024-12-24,86,72.5,11.825581395348838,129,47,2,7,5,5,8.302165602813053,8.92315982680411,9.075025105427782,4.841944411024965
Dave,2024-12-24,73,71.0,2.0,113,57,9,0,19,0,1.7681455334071614,2.069896329053306,1.4330821107305445,-0.14860714526168095
Eric,2024-12-24,85,71.5,13.150862068965518,116,30,0,13,9,1,11.586418211069423,8.63663258278442,7.157708396391742,0.9938792840430206
Eric,2024-12-26,90,71.0,19.169642857142858,112,28,1,8,12,7,11.586418211069423,9.926122072273909,7.157708396391742,6.973379867905372
Eric,2024-12-26,88,72.0,14.015503875968992,129,36,0,13,9,5,13.524381868650487,10.064955903389848,7.157708396391742,4.932124456988101
Dave,2024-12-26,82,71.0,9.635658914728682,129,48,8,0,18,4,1.7681455334071614,2.069896329053306,1.4330821107305445,4.192648279032942
Eric,2024-12-28,82,73.5,8.425438596491228,114,41,0,14,10,1,11.661026775491232,9.204998577643048,6.653801606779918,0.9131011220289855
Pete,2024-12-29,86,72.5,12.607438016528926,121,41,0,3,6,3,10.436026067929332,9.867903244063383,9.075025105427782,2.886788560050568
Pete,2025-01-01,85,72.0,12.44915254237288,118,37,0,7,6,0,10.69455900905087,9.836246149232174,9.60499395954918,0.14164508581706098
Pete,2025-01-01,87,73.5,12.204,125,46,0,6,9,0,12.159577979240574,9.787215640757598,10.07111895954918,-0.22905590856881836
Eric,2025-01-01,77,72.0,4.484126984126984,126,27,0,11,7,8,8.68680921652791,9.057286159342395,5.836268699307986,8.075532907721286
Pete,2025-01-03,90,72.0,16.536585365853657,123,40,2,4,10,0,12.159577979240574,9.787215640757598,10.07111895954918,-0.007746561431195009
Eric,2025-01-05,77,72.0,4.829059829059829,117,37,0,10,8,6,5.9128751365593475,7.818220076373872,6.314901177940465,5.983992632331355
Eric,2025-01-07,81,71.5,8.51984126984127,126,37,1,14,9,4,5.9128751365593475,6.892015916549023,6.314901177940465,3.9507890443075055
Pete,2025-01-07,90,72.5,17.04741379310345,116,35,1,6,8,1,12.420196852967267,9.787215640757598,10.07111895954918,1.0333133118076285
Eric,2025-01-09,83,73.0,9.658119658119658,117,35,0,11,10,7,5.9128751365593475,7.183317267527795,6.314901177940465,7.072660889246066
Dave,2025-01-09,85,73.5,10.23228346456693,127,55,8,0,15,4,3.3740886858619414,2.069896329053306,1.4330821107305445,4.012258119876627
Eric,2025-01-10,76,73.0,2.7560975609756095,123,36,0,13,10,5,4.023094791387474,5.802912848098984,5.79107320912799,5.041408709539379
Pete,2025-01-10,91,72.0,17.891666666666666,120,42,1,3,10,2,13.729912636075511,11.192246149232174,10.07111895954918,1.7855675742418575
Pete,2025-01-11,79,71.0,8.0,113,45,2,6,9,1,12.246861788617887,10.457535405430523,9.65861895954918,1.1710200168989
Eric,2025-01-13,88,71.0,17.151785714285715,112,38,0,12,8,5,5.36833288662557,5.802912848098984,5.79107320912799,4.8607293395163325
Pete,2025-01-13,84,71.0,13.234234234234235,111,57,1,5,8,1,12.590273200029296,11.41723439085013,9.65861895954918,1.1740689522435828
Pete,2025-01-13,81,72.5,8.280172413793103,116,52,3,2,11,3,9.838135549342446,10.551781270302964,9.137496443476707,2.894978436267823
Eric,2025-01-15,86,72.0,13.521367521367521,117,44,1,10,8,3,6.978019496312179,5.802912848098984,6.0895804996410945,2.8477749168081257
Pete,2025-01-15,89,73.0,16.142857142857142,112,47,1,5,11,7,9.838135549342446,10.708152594538982,9.137496443476707,7.063607976929743
Dave,2025-01-15,76,72.0,3.559055118110236,127,51,9,0,16,5,1.3485540869891264,2.272698343666344,1.877964000494324,4.841374399166298
Pete,2025-01-16,87,71.5,13.791338582677165,127,44,1,6,7,0,9.838135549342446,10.833511838080044,9.708175394994248,-0.20973449585602844
Dave,2025-01-16,86,71.5,13.430327868852459,122,46,8,0,16,3,5.064904677612972,2.272698343666344,1.877964000494324,2.83498054935541
Eric,2025-01-16,94,73.0,21.0,113,35,1,12,11,4,8.645194913487595,5.802912848098984,6.5121232346838305,3.9823354368845982
Dave,2025-01-17,79,73.5,4.932539682539683,126,48,9,3,16,2,6.0424179051262,2.7592062801742805,2.3487973338276573,2.071476813249484
Dave,2025-01-19,85,73.5,11.602678571428571,112,47,9,0,19,6,6.532810802495842,3.7227721716471494,2.709400428755429,5.961042649337293
Eric,2025-01-19,75,72.0,2.6484375,128,26,0,12,9,3,6.308634194114377,4.6286320941307295,5.635912964918872,2.817826253756641
Dave,2025-01-19,84,72.5,11.106837606837606,117,58,10,0,16,3,6.2412927550722825,2.7592062801742805,2.552053636348666,2.80229314914188
Eric,2025-01-21,83,71.0,11.394957983193278,119,42,0,12,5,3,9.1882543348536,4.6475126288007385,5.635912964918872,2.7576066938128814
Pete,2025-01-22,82,71.5,9.970588235294118,119,41,1,6,7,2,10.494998294440485,10.337798976664292,9.398354856609403,2.1758665011183753
Pete,2025-01-25,88,72.5,14.84322033898305,118,45,0,6,7,2,10.68069974392146,10.655266693199724,9.398354856609403,2.06978641840636
Eric,2025-01-25,89,71.5,16.077235772357724,123,36,4,10,9,5,9.1882543348536,5.682311163599273,6.190341787730048,4.9674412951551865
Eric,2025-01-27,88,72.5,14.595833333333333,120,38,1,15,9,4,9.54640960550887,6.995490794425963,6.190341787730048,4.118982664869358
Dave,2025-01-28,89,72.5,16.355263157894736,114,45,7,0,19,0,9.21401862026862,3.7227721716471494,2.855134555739556,0.16534249942449314
Pete,2025-01-28,89,72.0,15.368,125,44,0,4,8,1,12.868382385651444,10.655266693199724,9.398354856609403,1.2389791371689658
Eric,2025-01-29,92,71.5,20.5,113,33,0,14,8,3,9.54640960550887,7.995796044731213,6.190341787730048,2.9633352060798703
Pete,2025-01-29,76,71.0,4.669421487603306,121,47,0,6,8,0,9.477116101858195,8.830883274184952,8.456532542559815,-0.16634585417181463
Dave,2025-01-31,89,71.0,16.015748031496063,127,48,9,0,15,5,9.21401862026862,6.071907435989106,2.855134555739556,5.075067474775793
Eric,2025-01-31,79,72.0,6.1796875,128,32,1,11,11,2,10.723492938842204,7.300109613107281,5.937601112326822,2.0748678599692276
Eric,2025-02-02,93,71.5,19.752032520325205,123,38,0,10,12,2,12.284252201897019,9.668056767578827,5.937601112326822,1.825847299777221
Pete,2025-02-02,78,73.5,4.068,125,47,2,11,7,4,6.2360032409658075,6.997636427338105,8.287032542559816,3.924005258020628
Pete,2025-02-03,89,71.5,17.65625,112,49,0,2,9,5,7.860213942195453,8.044483274184952,8.353338327683781,5.08866595179107
Dave,2025-02-03,85,73.0,11.791304347826086,115,52,7,0,19,0,11.50027350869742,7.893274957356627,3.0955579428363302,-0.026223447052473703
Dave,2025-02-06,80,71.5,7.808943089430894,123,50,8,3,19,2,10.400975336228518,7.527931792297069,3.0955579428363302,1.8084393251846356
Pete,2025-02-06,96,71.0,23.34710743801653,121,49,1,6,10,0,8.03514049586777,8.155904143873538,8.93336450930153,-0.2383461619685452
Eric,2025-02-06,85,71.5,13.868181818181819,110,34,0,13,7,5,11.547900883838382,9.522526464548523,5.937601112326822,5.113640610507368
Eric,2025-02-09,88,72.0,14.580645161290322,124,37,0,10,6,3,11.542838159824045,9.734381992533084,5.937601112326822,3.204196005803345
Pete,2025-02-09,88,73.0,14.008264462809917,121,37,0,7,9,0,7.581895316804409,9.3015225536769,8.93336450930153,-0.19185073872078307
Dave,2025-02-09,77,71.5,5.179166666666666,120,55,8,0,13,0,8.259804701307884,6.517308432717018,3.0025303890728896,0.11468787804126945
Pete,2025-02-12,77,73.5,3.5,113,49,1,2,6,1,7.192088154269972,7.199869661114917,7.892666834882926,1.055092192759857
Eric,2025-02-15,82,73.5,7.50390625,128,30,0,10,9,5,9.183925189393939,8.319034210275019,5.668324436311865,4.945212659570975
Pete,2025-02-21,85,73.5,10.829166666666667,120,48,2,1,7,2,9.445810376492195,6.607435277912818,7.690168600419649,1.787724147470369
Eric,2025-02-21,82,71.0,11.098214285714286,112,36,1,11,12,9,10.823434117965368,10.008989567417876,5.668324436311865,8.76168030714921
Pete,2025-02-24,78,73.5,4.5,113,34,3,4,7,0,6.276388888888889,5.513317630853995,6.72716860041965,0.12773433730807177
Dave,2025-02-24,81,73.5,7.434210526315789,114,57,7,0,16,3,6.807440094137783,7.292339514358128,3.4248231455390328,2.9481027369991635
Pete,2025-02-27,87,73.5,12.819327731092438,119,42,1,6,9,0,6.276388888888889,5.513317630853995,6.72716860041965,-0.20880466400621744
Eric,2025-02-27,80,73.5,6.617117117117117,111,37,0,13,6,4,8.4064125509438,9.053421394202644,5.4422842513901015,3.878522023545171
Pete,2025-03-02,82,71.5,10.14102564102564,117,40,0,7,7,0,6.047008547008548,5.37568942572579,6.641150972214521,-0.1524001564084715
Dave,2025-03-05,75,72.5,2.3739495798319328,119,54,9,2,15,2,4.99577559093813,5.545761908956992,2.9811434559212504,1.829824991877853
Pete,2025-03-05,76,72.0,3.7355371900826446,121,44,0,8,5,1,6.125520943702763,5.188912566221657,5.8404649158466455,1.1555504898677704
Eric,2025-03-08,94,71.0,20.3046875,128,34,0,16,10,3,8.4064125509438,9.053421394202644,6.0890333356391855,2.7951514068736083
Dave,2025-03-08,80,72.5,7.0041322314049586,121,51,8,0,19,5,4.852416159301185,5.960080418730048,3.5441599848468703,4.864131525677582
Pete,2025-03-14,83,71.5,10.073643410852712,129,36,1,6,9,2,6.103060200311785,6.390041248392199,5.8404649158466455,1.7500177906276004
Dave,2025-03-17,72,71.5,0.4708333333333333,120,60,8,0,15,2,2.6746498599439774,4.492458467510536,2.7274976225879173,2.07507383014939
Pete,2025-03-17,86,72.0,13.521367521367521,117,47,0,1,11,6,7.983402080653666,6.390041248392199,6.099670342203235,6.038964470220188
Eric,2025-03-20,78,73.0,5.044642857142857,112,40,0,16,10,5,6.388555408086657,7.288713601994853,6.1159812141495635,4.906478299964988
Pete,2025-03-20,83,72.5,9.8875,120,40,1,6,9,2,7.898893533645119,6.339336120187072,6.076402415846647,1.9877019927122452
Dave,2025-03-20,79,72.0,7.1909090909090905,110,50,8,0,15,3,3.282971714856741,4.443798180429196,3.0007854693429943,3.148012011793218
Dave,2025-03-23,80,71.0,8.336065573770492,122,47,10,0,16,2,3.282971714856741,4.443798180429196,3.0007854693429943,2.0266307713049843
Eric,2025-03-26,72,72.0,0.0,118,35,2,15,9,0,3.8872533247533245,5.069070744851995,5.051001055419405,0.21996363646049477
Dave,2025-03-26,73,72.0,0.9741379310344828,116,46,10,2,18,3,2.8163678319242584,3.200443948454275,3.3117268178651615,2.7612297000355808
Dave,2025-03-29,74,73.0,0.9741379310344828,116,50,11,0,16,3,0.8063697318007663,1.9944450883801796,3.183494059244472,3.190803563872164
Pete,2025-03-29,75,72.0,2.712,125,37,0,7,9,1,5.4450123966942146,4.867007438016529,5.380380864122508,0.9558483187495573
Dave,2025-04-01,85,72.5,11.577868852459016,122,53,9,0,18,5,3.0463949843260187,1.9944450883801796,3.183494059244472,5.140715790189902
Eric,2025-04-01,83,71.0,10.59375,128,35,1,14,7,4,3.8872533247533245,5.951883244851994,5.167954848154448,3.839602380423401
Pete,2025-04-04,77,71.5,4.817829457364341,129,48,0,5,12,0,5.805776485788113,5.130573329489397,4.7362860168812855,-0.03860465366307014
Dave,2025-04-07,85,71.0,13.074380165289256,121,46,8,0,17,2,3.4281138119464862,2.359438201327838,3.183494059244472,1.8389085280305466
Eric,2025-04-07,83,73.5,8.727642276422765,123,31,0,10,9,4,4.590761711188541,5.578661700136547,5.914397937585342,3.863829715340281
Dave,2025-04-10,88,73.0,15.27027027027027,111,45,9,4,18,4,4.508714904842661,2.359438201327838,3.637475805844329,3.870018310352479
Pete,2025-04-16,83,71.5,10.565040650406504,123,48,0,7,7,0,5.805776485788113,5.130573329489397,4.7362860168812855,0.1764709295585728
Eric,2025-04-16,74,71.5,2.3739495798319328,119,36,0,12,8,4,2.472864145658263,4.3079231608183814,4.886922885064334,3.7972314870607993
Pete,2025-04-19,96,72.0,22.41322314049587,121,45,0,9,9,1,5.805776485788113,6.245302011659939,4.7362860168812855,0.8505399610639036
Eric,2025-04-19,79,72.0,7.0,113,37,1,15,12,6,3.1246498599439776,4.207141910818381,4.670967600511489,6.112877952498969
Pete,2025-04-22,83,73.5,8.945833333333333,120,48,0,5,13,0,5.491887596899225,6.019739996156064,4.618577683547953,0.002207232796468117
Dave,2025-04-22,76,71.5,4.035714285714286,126,44,7,1,18,0,5.529240356402595,2.6917911425043086,3.2430764551949784,0.025340182399501587
Eric,2025-04-25,77,71.5,4.893700787401575,127,38,0,5,10,3,4.755883455744502,3.7858820682986964,4.344691917686685,2.912966459211903
Dave,2025-04-25,78,73.0,5.09009009009009,111,45,7,2,21,2,6.90122440942113,2.308982714241335,3.262770256138779,1.8005826103363805
Pete,2025-04-25,83,71.0,11.791304347826086,115,47,0,9,8,2,8.109567813701391,6.019739996156064,4.618577683547953,2.221049551260199
Pete,2025-04-28,92,71.0,18.3953488372093,129,42,0,4,5,0,10.434059443855306,7.287361240310078,5.270837497597539,-0.12127890536358177
Dave,2025-04-28,81,72.0,8.475,120,53,9,0,14,1,5.866934791934791,3.652997865756486,3.262770256138779,0.9884924891325936
Pete,2025-05-01,79,72.5,6.1722689075630255,119,39,1,4,10,0,8.969802196240815,6.507086339652139,5.533871111042918,-0.10922938882983452
Dave,2025-05-01,76,73.5,2.435344827586207,116,52,10,4,14,1,3.8537164011301943,2.7018850130919096,2.6916718306614356,1.1513998891112425
Dave,2025-05-04,72,73.5,-1.486842105263158,114,48,9,0,14,4,1.6614056693457782,1.3864985740212599,1.8584207341702068,4.040655129365055
Dave,2025-05-07,76,73.0,3.0267857142857144,112,50,9,0,14,4,1.3250961455362544,1.7970281306715066,1.60050768719466,3.759485199331273
Eric,2025-05-07,85,73.5,10.073643410852712,129,33,0,10,7,4,4.755883455744502,3.7858820682986964,4.951625511436685,3.915952833210726
Pete,2025-05-07,85,71.0,12.456692913385826,127,48,1,4,8,0,8.969802196240815,6.507086339652139,5.533871111042918,-0.08828126730830532
Dave,2025-05-10,85,71.0,12.758064516129032,124,52,9,0,16,0,1.3250961455362544,2.620218562482628,1.60050768719466,0.23836333984486519
Eric,2025-05-13,92,73.5,17.867521367521366,117,34,1,15,9,3,4.755883455744502,3.862458644875273,4.951625511436685,2.8950620259674693
Dave,2025-05-13,78,73.0,5.136363636363637,110,49,7,0,20,1,1.3250961455362544,2.620218562482628,1.60050768719466,0.9674251936492089
Pete,2025-05-13,91,71.0,19.316239316239315,117,50,3,4,8,3,10.140088722924979,6.6425944697334405,5.533871111042918,3.100279275319898
Dave,2025-05-16,88,71.0,15.125984251968504,127,57,7,1,15,2,2.2254357484620644,2.620218562482628,1.60050768719466,1.7774572348821025
Pete,2025-05-16,95,71.0,22.983050847457626,118,47,0,8,8,0,12.341436886052719,8.458455339298657,5.533871111042918,0.168850784069503
